Woonplaatsen;Gemeente
Aadorp;Almelo
Aagtekerke;Veere
Aalden;Coevorden
Aalsmeer;Aalsmeer
Aalsmeerderbrug;Haarlemmermeer
Aalst;Zaltbommel
Aalsum;Noardeast-Fryslân
Aalten;Aalten
Ter Aar;Nieuwkoop
Ter Aard;Assen
Aardenburg;Sluis
Aarlanderveen;AlphenaandenRijn
Aarle-Rixtel;Laarbeek
Aartswoud;Opmeer
Abbega;Súdwest-Fryslân
Abbekerk;Medemblik
Abbenbroek;Nissewaard
Abbenes;Haarlemmermeer
Abcoude;DeRondeVenen
Achlum;Waadhoeke
Achterveld;Barneveld
Achterveld;Leusden
Achthuizen;Goeree-Overflakkee
Achtmaal;Zundert
Acquoy;WestBetuwe
Adorp;HetHogeland
Aduard;Westerkwartier
Aerdenhout;Bloemendaal
Aerdt;Zevenaar
Afferden;Druten
Afferden L;Bergen(L.)
Agelo;Dinkelland
Akersloot;Castricum
Akkrum;Heerenveen
Akmarijp;DeFryskeMarren
Albergen;Tubbergen
Alblasserdam;Alblasserdam
Alde Leie;Leeuwarden
Aldeboarn;Heerenveen
Aldtsjerk;Tytsjerksteradiel
Alem;Maasdriel
Alkmaar;Alkmaar
Allingawier;Súdwest-Fryslân
Almelo;Almelo
Almen;Lochem
Almere;Almere
Almkerk;Altena
Alphen;WestMaasenWaal
Alphen;Alphen-Chaam
Alphen aan den Rijn;AlphenaandenRijn
Alteveer;Noordenveld
Alteveer;Stadskanaal
Alteveer;DeWolden
Alteveer gem Hoogeveen;Hoogeveen
Altforst;WestMaasenWaal
Ambt Delden;HofvanTwente
Ameide;Vijfheerenlanden
Amen;AaenHunze
America;HorstaandeMaas
Amerongen;UtrechtseHeuvelrug
Amersfoort;Amersfoort
Ammerstol;Krimpenerwaard
Ammerzoden;Maasdriel
Amstelhoek;DeRondeVenen
Amstelveen;Amstelveen
Amstenrade;Beekdaelen
Amsterdam;Amsterdam
Amsterdam-Duivendrecht;Ouder-Amstel
Andel;Altena
Den Andel;HetHogeland
Andelst;Overbetuwe
Anderen;AaenHunze
Andijk;Medemblik
Ane;Hardenberg
Anerveen;Hardenberg
Anevelde;Hardenberg
Angeren;Lingewaard
Angerlo;Zevenaar
Anjum;Noardeast-Fryslân
Ankeveen;Wijdemeren
Anloo;AaenHunze
Anna Paulowna;HollandsKroon
Annen;AaenHunze
Annerveenschekanaal;AaenHunze
Ansen;Westerveld
Ansen;DeWolden
Ter Apel;Westerwolde
Apeldoorn;Apeldoorn
Ter Apelkanaal;Westerwolde
Appelscha;Ooststellingwerf
Appeltern;WestMaasenWaal
Appingedam;Appingedam
Arcen;Venlo
Arkel;Molenlanden
Arnemuiden;Middelburg
Arnhem;Arnhem
Arriën;Ommen
Arum;Súdwest-Fryslân
Asch;Buren
Asperen;WestBetuwe
Assen;Assen
Assendelft;Zaanstad
Asten;Asten
Augsbuurt;Noardeast-Fryslân
Augustinusga;Achtkarspelen
Austerlitz;Zeist
Avenhorn;Koggenland
Axel;Terneuzen
Azewijn;Montferland
Baaiduinen;Terschelling
Baaium;Waadhoeke
Baak;Bronckhorst
Baambrugge;DeRondeVenen
Baard;Leeuwarden
Baarland;Borsele
Baarle-Nassau;Baarle-Nassau
Baarlo;PeelenMaas
Baarlo;Steenwijkerland
Baarn;Baarn
Baars;Steenwijkerland
Babberich;Zevenaar
Babyloniënbroek;Altena
Bad Nieuweschans;Oldambt
Badhoevedorp;Haarlemmermeer
Baexem;Leudal
Baflo;HetHogeland
Bakel;Gemert-Bakel
Bakhuizen;DeFryskeMarren
Bakkeveen;Opsterland
Balgoij;Wijchen
Balinge;Midden-Drenthe
Balk;DeFryskeMarren
Balkbrug;Hardenberg
Balloërveld;AaenHunze
Balloo;AaenHunze
Ballum;Ameland
Baneheide;Simpelveld
Banholt;Eijsden-Margraten
Bant;Noordoostpolder
Bantega;DeFryskeMarren
Barchem;Lochem
Barendrecht;Barendrecht
Barger-Compascuum;Emmen
Barneveld;Barneveld
Barsingerhorn;HollandsKroon
Basse;Steenwijkerland
Batenburg;Wijchen
Bathmen;Deventer
Bavel;Breda
Bavel AC;Alphen-Chaam
Bears;Leeuwarden
Bedum;HetHogeland
Beegden;Maasgouw
Beek;Montferland
Beek;Beek
Beek;BergenDal
Beek en Donk;Laarbeek
Beekbergen;Apeldoorn
Beemte Broekland;Apeldoorn
Beers NB;Cuijk
Beerta;Oldambt
Beerze;Ommen
Beerzerveld;Ommen
Beesd;WestBetuwe
Beesel;Beesel
Beets;Edam-Volendam
Beetsterzwaag;Opsterland
Beilen;Midden-Drenthe
Beinsdorp;Haarlemmermeer
Belfeld;Venlo
Bellingwolde;Westerwolde
Beltrum;Berkelland
Belt-Schutsloot;Steenwijkerland
Bemelen;Eijsden-Margraten
Bemmel;Lingewaard
Beneden-Leeuwen;WestMaasenWaal
Bennebroek;Bloemendaal
Bennekom;Ede
Benneveld;Coevorden
Benningbroek;Medemblik
Benschop;Lopik
Bentelo;HofvanTwente
Benthuizen;AlphenaandenRijn
Bentveld;Zandvoort
Berg en Dal;BergenDal
Berg en Terblijt;ValkenburgaandeGeul
Bergambacht;Krimpenerwaard
Bergeijk;Bergeijk
Bergen (NH);Bergen(NH.)
Bergen aan Zee;Bergen(NH.)
Bergen L;Bergen(L.)
Bergen op Zoom;BergenopZoom
Bergentheim;Hardenberg
Bergharen;Wijchen
Berghem;Oss
Bergschenhoek;Lansingerland
Beringe;PeelenMaas
Berkel en Rodenrijs;Lansingerland
Berkel-Enschot;Tilburg
Berkenwoude;Krimpenerwaard
Berkhout;Koggenland
Berlicum;Sint-Michielsgestel
Berltsum;Waadhoeke
Bern;Zaltbommel
Best;Best
Beugen;Boxmeer
Beuningen;Losser
Beuningen Gld;Beuningen
Beusichem;Buren
Beutenaken;Gulpen-Wittem
Beverwijk;Beverwijk
Biddinghuizen;Dronten
Bierum;Delfzijl
Biervliet;Sluis
Biervliet;Terneuzen
Biest-Houtakker;Hilvarenbeek
Biezenmortel;Haaren
Biggekerke;Veere
De Bilt;DeBilt
Bilthoven;DeBilt
Bingelrade;Beekdaelen
Bitgum;Waadhoeke
Bitgummole;Waadhoeke
Bladel;Bladel
Blankenham;Steenwijkerland
Blaricum;Blaricum
Blauwestad;Oldambt
Blauwhuis;Súdwest-Fryslân
Bleiswijk;Lansingerland
Blesdijke;Weststellingwerf
Bleskensgraaf ca;Molenlanden
De Blesse;Weststellingwerf
Blessum;Waadhoeke
Blije;Noardeast-Fryslân
Blijham;Westerwolde
Blitterswijck;Venray
Bloemendaal;Bloemendaal
Blokker;Hoorn
Blokzijl;Steenwijkerland
Boazum;Súdwest-Fryslân
Bocholtz;Simpelveld
Bodegraven;Bodegraven-Reeuwijk
Boekel;Boekel
Boelenslaan;Achtkarspelen
Boer;Waadhoeke
Ten Boer;Groningen
Boerakker;Westerkwartier
Boesingheliede;Haarlemmermeer
Boijl;Weststellingwerf
Boksum;Waadhoeke
Bolsward;Súdwest-Fryslân
Den Bommel;Goeree-Overflakkee
Bontebok;Heerenveen
Boornbergum;Smallingerland
Boornzwaag;DeFryskeMarren
Borculo;Berkelland
Borger;Borger-Odoorn
Borgercompagnie;Midden-Groningen
Borgercompagnie;Veendam
Borgsweer;Delfzijl
Born;Sittard-Geleen
Borne;Borne
Bornerbroek;Almelo
Bornwird;Noardeast-Fryslân
Borssele;Borsele
Bosch en Duin;Zeist
Boschoord;Westerveld
Boskoop;AlphenaandenRijn
Bosschenhoofd;Halderberge
Botlek Rotterdam;Rotterdam
Bourtange;Westerwolde
Bovenkarspel;StedeBroec
Boven-Leeuwen;WestMaasenWaal
Bovensmilde;Midden-Drenthe
Boxmeer;Boxmeer
Boxtel;Boxtel
Braamt;Montferland
Brakel;Zaltbommel
Brandwijk;Molenlanden
Brantgum;Noardeast-Fryslân
Breda;Breda
Bredevoort;Aalten
Breedenbroek;OudeIJsselstreek
Breezand;HollandsKroon
Breezanddijk;Súdwest-Fryslân
Breskens;Sluis
Breukelen;StichtseVecht
Breukeleveen;Wijdemeren
Brielle;Brielle
Briltil;Westerkwartier
Britsum;Leeuwarden
Britswert;Súdwest-Fryslân
Broek;DeFryskeMarren
Broek in Waterland;Waterland
Broek op Langedijk;Langedijk
Broekhuizen;HorstaandeMaas
Broekhuizen;Meppel
Broekhuizenvorst;HorstaandeMaas
Broekland;Raalte
Broeksterwâld;Dantumadiel
Bronkhorst;Bronckhorst
Bronneger;Borger-Odoorn
Bronnegerveen;Borger-Odoorn
Brouwershaven;Schouwen-Duiveland
Bruchem;Zaltbommel
Brucht;Hardenberg
Bruchterveld;Hardenberg
Bruinehaar;Twenterand
Bruinisse;Schouwen-Duiveland
Brummen;Brummen
Brunssum;Brunssum
Bruntinge;Midden-Drenthe
Buchten;Sittard-Geleen
Budel;Cranendonck
Budel-Dorplein;Cranendonck
Budel-Schoot;Cranendonck
Buggenum;Leudal
Buinen;Borger-Odoorn
Buinerveen;Borger-Odoorn
Buitenkaag;Haarlemmermeer
Buitenpost;Achtkarspelen
De Bult;Steenwijkerland
Bunde;Meerssen
Bunne;Tynaarlo
Bunnik;Bunnik
Bunschoten-Spakenburg;Bunschoten
Burdaard;Noardeast-Fryslân
Buren;Ameland
Buren;Buren
Den Burg;Texel
Burgerbrug;Schagen
Burgerveen;Haarlemmermeer
Burgh-Haamstede;Schouwen-Duiveland
Burgum;Tytsjerksteradiel
Burgwerd;Súdwest-Fryslân
Burum;Noardeast-Fryslân
Bussum;GooiseMeren
Buurmalsen;WestBetuwe
Buurmalsen;Buren
Cadier en Keer;Eijsden-Margraten
Cadzand;Sluis
Callantsoog;Schagen
Capelle aan den IJssel;CapelleaandenIJssel
Castelre;Baarle-Nassau
Castenray;Venray
Casteren;Bladel
Castricum;Castricum
Chaam;Alphen-Chaam
Clinge;Hulst
De Cocksdorp;Texel
Coevorden;Coevorden
Colijnsplaat;Noord-Beveland
Collendoorn;Hardenberg
Colmschate;Deventer
Cornwerd;Súdwest-Fryslân
Cothen;WijkbijDuurstede
Creil;Noordoostpolder
Cromvoirt;Vught
Cruquius;Haarlemmermeer
Cuijk;Cuijk
Culemborg;Culemborg
Daarle;Hellendoorn
Daarlerveen;Hellendoorn
Dalem;Gorinchem
Dalen;Coevorden
Dalerpeel;Coevorden
Dalerveen;Coevorden
Dalfsen;Dalfsen
Dalmsholte;Ommen
Damwâld;Dantumadiel
Darp;Westerveld
Dearsum;Súdwest-Fryslân
Dedemsvaart;Hardenberg
Dedgum;Súdwest-Fryslân
Deelen;Ede
Deest;Druten
Deil;WestBetuwe
Deinum;Waadhoeke
Delden;HofvanTwente
Delfgauw;Pijnacker-Nootdorp
Delfstrahuizen;DeFryskeMarren
Delft;Delft
Delfzijl;Delfzijl
Delwijnen;Zaltbommel
Demen;Oss
Denekamp;Dinkelland
Deurne;Deurne
Deurningen;Dinkelland
Deurningen;Oldenzaal
Deursen-Dennenburg;Oss
Deurze;AaenHunze
Deventer;Deventer
Didam;Montferland
Dieden;Oss
Diemen;Diemen
Diepenheim;HofvanTwente
Diepenveen;Deventer
Dieren;Rheden
Diessen;Hilvarenbeek
Diever;Westerveld
Dieverbrug;Westerveld
Diffelen;Hardenberg
Dijken;DeFryskeMarren
Dinteloord;Steenbergen
Dinxperlo;Aalten
Diphoorn;Coevorden
Dirkshorn;Schagen
Dirksland;Goeree-Overflakkee
Dodewaard;Neder-Betuwe
Doenrade;Beekdaelen
Doesburg;Doesburg
Doetinchem;Doetinchem
Doeveren;Heusden
Doezum;Westerkwartier
Dokkum;Noardeast-Fryslân
Den Dolder;Zeist
Doldersum;Westerveld
Domburg;Veere
Donderen;Tynaarlo
Dongen;Dongen
Dongjum;Waadhoeke
Doniaga;DeFryskeMarren
Donkerbroek;Ooststellingwerf
Doorn;UtrechtseHeuvelrug
Doornenburg;Lingewaard
Doornspijk;Elburg
Doorwerth;Renkum
Dordrecht;Dordrecht
Dorst;Oosterhout
Drachten;Smallingerland
Drachten-Azeven;Opsterland
Drachtstercompagnie;Smallingerland
Dreischor;Schouwen-Duiveland
Drempt;Bronckhorst
Dreumel;WestMaasenWaal
Driebergen-Rijsenburg;UtrechtseHeuvelrug
Drieborg;Oldambt
Driebruggen;Bodegraven-Reeuwijk
Driehuis NH;Velsen
Driehuizen;Alkmaar
Driel;Overbetuwe
Driewegen;Borsele
Driezum;Dantumadiel
Drijber;Midden-Drenthe
Drimmelen;Drimmelen
Drogeham;Achtkarspelen
Drogteropslagen;DeWolden
Drongelen;Altena
Dronryp;Waadhoeke
Dronten;Dronten
Drouwen;Borger-Odoorn
Drouwenermond;Borger-Odoorn
Drouwenerveen;Borger-Odoorn
Drunen;Heusden
Druten;Druten
Duiven;Duiven
Duivendrecht;Ouder-Amstel
Duizel;Eersel
Den Dungen;Sint-Michielsgestel
Dussen;Altena
Dwingeloo;Westerveld
Eagum;Leeuwarden
Earnewâld;Tytsjerksteradiel
Easterein;Súdwest-Fryslân
Easterlittens;Leeuwarden
Eastermar;Tytsjerksteradiel
Easterwierrum;Súdwest-Fryslân
Echt;Echt-Susteren
Echteld;Neder-Betuwe
Echten;DeWolden
Echten;DeFryskeMarren
Echtenerbrug;DeFryskeMarren
Eck en Wiel;Buren
Eckelrade;Eijsden-Margraten
Edam;Edam-Volendam
Ede;Ede
Ederveen;Ede
Ee;Noardeast-Fryslân
Eede;Sluis
Eefde;Lochem
Eelde;Tynaarlo
Eelderwolde;Tynaarlo
Eemdijk;Bunschoten
Eemnes;Eemnes
Eemshaven;HetHogeland
Een;Noordenveld
Eenrum;HetHogeland
Eenum;Loppersum
Een-West;Noordenveld
Eerbeek;Brummen
Eersel;Eersel
Ees;Borger-Odoorn
Eesergroen;Borger-Odoorn
Eeserveen;Borger-Odoorn
Eesterga;DeFryskeMarren
Eesveen;Steenwijkerland
Eethen;Altena
Eext;AaenHunze
Eexterveen;AaenHunze
Eexterveenschekanaal;AaenHunze
Eexterzandvoort;AaenHunze
Egchel;PeelenMaas
Egmond aan den Hoef;Bergen(NH.)
Egmond aan Zee;Bergen(NH.)
Egmond-Binnen;Bergen(NH.)
Eibergen;Berkelland
Eijsden;Eijsden-Margraten
Eindhoven;Eindhoven
Einighausen;Sittard-Geleen
Ekehaar;AaenHunze
Elahuizen;DeFryskeMarren
Elburg;Elburg
Eldersloo;AaenHunze
Eleveld;AaenHunze
Elim;Hoogeveen
Elkenrade;Gulpen-Wittem
Ell;Leudal
Ellecom;Rheden
Ellemeet;Schouwen-Duiveland
Ellertshaar;Borger-Odoorn
Ellewoutsdijk;Borsele
Elp;Midden-Drenthe
Elsendorp;Gemert-Bakel
Elshout;Heusden
Elsloo;Stein
Elsloo;Ooststellingwerf
Elspeet;Nunspeet
Elst;Overbetuwe
Elst Ut;Rhenen
Emmeloord;Noordoostpolder
Emmen;Emmen
Emmer-Compascuum;Emmen
Empe;Brummen
Emst;Epe
Engwierum;Noardeast-Fryslân
Enkhuizen;Enkhuizen
Ens;Noordoostpolder
Enschede;Enschede
Enspijk;WestBetuwe
Enter;Wierden
Enumatil;Westerkwartier
Epe;Epe
Epen;Gulpen-Wittem
Eppenhuizen;HetHogeland
Epse;Lochem
Erica;Emmen
Erichem;Buren
Erlecom;BergenDal
Erm;Coevorden
Ermelo;Ermelo
Erp;Meierijstad
Esbeek;Hilvarenbeek
Esch;Haaren
Escharen;Grave
Espel;Noordoostpolder
Est;WestBetuwe
Etten;OudeIJsselstreek
Etten-Leur;Etten-Leur
Europoort Rotterdam;Rotterdam
Eursinge;Midden-Drenthe
Eursinge;DeWolden
Everdingen;Vijfheerenlanden
Evertsoord;HorstaandeMaas
Ewijk;Beuningen
1e Exloërmond;Borger-Odoorn
2e Exloërmond;Borger-Odoorn
Exloërveen;Borger-Odoorn
Exloo;Borger-Odoorn
Exmorra;Súdwest-Fryslân
Eygelshoven;Kerkrade
Eys;Gulpen-Wittem
Ezinge;Westerkwartier
De Falom;Dantumadiel
Farmsum;Delfzijl
Feanwâlden;Dantumadiel
Feerwerd;Westerkwartier
Feinsum;Leeuwarden
Ferwert;Noardeast-Fryslân
Ferwoude;Súdwest-Fryslân
Fijnaart;Moerdijk
Finsterwolde;Oldambt
Firdgum;Waadhoeke
Fleringen;Tubbergen
Fluitenberg;Hoogeveen
Fochteloo;Ooststellingwerf
Follega;DeFryskeMarren
Folsgare;Súdwest-Fryslân
Formerum;Terschelling
Foudgum;Noardeast-Fryslân
Foxhol;Midden-Groningen
Foxwolde;Noordenveld
Franeker;Waadhoeke
Frederiksoord;Westerveld
Friens;Leeuwarden
Frieschepalen;Opsterland
Froombosch;Midden-Groningen
Gaanderen;Doetinchem
Gaast;Súdwest-Fryslân
Gaastmeer;Súdwest-Fryslân
Galder;Alphen-Chaam
Gameren;Zaltbommel
Gapinge;Veere
Garderen;Barneveld
Garmerwolde;Groningen
Garminge;Midden-Drenthe
Garnwerd;Westerkwartier
Garrelsweer;Loppersum
Garsthuizen;Loppersum
Garyp;Tytsjerksteradiel
Gassel;Grave
Gasselte;AaenHunze
Gasselternijveen;AaenHunze
Gasselternijveenschemond;AaenHunze
Gastel;Cranendonck
Gasteren;AaenHunze
Gauw;Súdwest-Fryslân
Geelbroek;AaenHunze
Geerdijk;Twenterand
Geersdijk;Noord-Beveland
Geertruidenberg;Geertruidenberg
Geervliet;Nissewaard
Gees;Coevorden
Geesbrug;Coevorden
Geesteren;Berkelland
Geesteren;Tubbergen
Geeuwenbrug;Westerveld
Geffen;Oss
Geijsteren;Venray
Geldermalsen;WestBetuwe
Gelderswoude;Zoeterwoude
Geldrop;Geldrop-Mierlo
Geleen;Sittard-Geleen
Gellicum;WestBetuwe
Gelselaar;Berkelland
Gemert;Gemert-Bakel
Gemonde;Sint-Michielsgestel
Genderen;Altena
Gendringen;OudeIJsselstreek
Gendt;Lingewaard
Genemuiden;Zwartewaterland
Gennep;Gennep
Gerkesklooster;Achtkarspelen
Gersloot;Heerenveen
Geulle;Meerssen
Giesbeek;Zevenaar
Giessen;Altena
Giessenburg;Molenlanden
Gieten;AaenHunze
Gieterveen;AaenHunze
Giethmen;Ommen
Giethoorn;Steenwijkerland
Gilze;GilzeenRijen
Ginnum;Noardeast-Fryslân
Glane;Losser
Glimmen;Groningen
De Glind;Barneveld
Godlinze;Delfzijl
Goedereede;Goeree-Overflakkee
Goënga;Súdwest-Fryslân
Goëngahuizen;Smallingerland
Goes;Goes
Goingarijp;DeFryskeMarren
Goirle;Goirle
Goor;HofvanTwente
De Goorn;Koggenland
Gorinchem;Gorinchem
Gorredijk;Opsterland
Gorssel;Lochem
Gouda;Gouda
Gouderak;Krimpenerwaard
Goudriaan;Molenlanden
Goudswaard;HoekscheWaard
Goutum;Leeuwarden
't Goy;Houten
Graauw;Hulst
Grafhorst;Kampen
Graft;Alkmaar
Gramsbergen;Hardenberg
Grashoek;PeelenMaas
Grathem;Leudal
Grave;Grave
's-Graveland;Wijdemeren
's-Gravendeel;HoekscheWaard
's-Gravenhage;'s-Gravenhage
's Gravenmoer;Dongen
's-Gravenpolder;Borsele
's-Gravenzande;Westland
Greonterp;Súdwest-Fryslân
Grevenbicht;Sittard-Geleen
Griendtsveen;HorstaandeMaas
Grijpskerk;Westerkwartier
Grijpskerke;Veere
Groede;Sluis
Groenekan;DeBilt
Groeningen;Boxmeer
Groenlo;OostGelre
Groesbeek;BergenDal
Groessen;Duiven
Groet;Bergen(NH.)
De Groeve;Tynaarlo
Grolloo;AaenHunze
Groningen;Groningen
Gronsveld;Eijsden-Margraten
Groot-Ammers;Molenlanden
Grootebroek;StedeBroec
Grootegast;Westerkwartier
Grootschermer;Alkmaar
Grou;Leeuwarden
Grubbenvorst;HorstaandeMaas
Gulpen;Gulpen-Wittem
Guttecoven;Sittard-Geleen
Gytsjerk;Tytsjerksteradiel
Haaften;WestBetuwe
Haaksbergen;Haaksbergen
Haalderen;Lingewaard
't Haantje;Coevorden
Haaren;Haaren
Haarle;Tubbergen
Haarle;Hellendoorn
Haarlem;Haarlem
Haarlemmerliede;Haarlemmermeer
Haarlo;Berkelland
Haarsteeg;Heusden
Haarzuilens;Utrecht
Haastrecht;Krimpenerwaard
Haelen;Leudal
Hagestein;Vijfheerenlanden
Haghorst;Hilvarenbeek
Haler;Leudal
Halfweg;Haarlemmermeer
Hall;Brummen
Halle;Bronckhorst
Hallum;Noardeast-Fryslân
Halsteren;BergenopZoom
Den Ham;Twenterand
Den Ham;Westerkwartier
Handel;Gemert-Bakel
Hank;Altena
Hansweert;Reimerswaal
Hantum;Noardeast-Fryslân
Hantumeruitburen;Noardeast-Fryslân
Hantumhuizen;Noardeast-Fryslân
Hapert;Bladel
Haps;Cuijk
Harbrinkhoek;Tubbergen
't Harde;Elburg
Hardenberg;Hardenberg
Harderwijk;Harderwijk
Hardinxveld-Giessendam;Hardinxveld-Giessendam
Haren;Oss
Haren Gn;Groningen
Harfsen;Lochem
Harich;DeFryskeMarren
Haringhuizen;HollandsKroon
Harkema;Achtkarspelen
Harkstede;Midden-Groningen
Harkstede GN;Groningen
Harlingen;Harlingen
Harmelen;Woerden
Harreveld;OostGelre
Harskamp;Ede
Hartwerd;Súdwest-Fryslân
Haskerdijken;Heerenveen
Haskerhorne;DeFryskeMarren
Hasselt;Zwartewaterland
Hattem;Hattem
Hattemerbroek;Oldebroek
Haule;Ooststellingwerf
Haulerwijk;Ooststellingwerf
Hauwert;Medemblik
Havelte;Westerveld
Havelterberg;Westerveld
Hazerswoude-Dorp;AlphenaandenRijn
Hazerswoude-Rijndijk;AlphenaandenRijn
Hedel;Maasdriel
Hedikhuizen;Heusden
Hee;Terschelling
Heeg;Súdwest-Fryslân
Heel;Maasgouw
Heelsum;Renkum
Heelweg;OudeIJsselstreek
Heemserveen;Hardenberg
Heemskerk;Heemskerk
Heemstede;Heemstede
De Heen;Steenbergen
Heenvliet;Nissewaard
's-Heer Abtskerke;Borsele
's-Heer Arendskerke;Goes
's-Heer Hendrikskinderen;Goes
Heerde;Heerde
's-Heerenberg;Montferland
's-Heerenbroek;Kampen
's-Heerenhoek;Borsele
Heerenveen;Heerenveen
Heerewaarden;Maasdriel
Heerhugowaard;Heerhugowaard
Heerjansdam;Zwijndrecht
Heerle;Roosendaal
Heerlen;Heerlen
Heesbeen;Heusden
Heesch;Bernheze
Heesselt;WestBetuwe
Heeswijk-Dinther;Bernheze
Heeten;Raalte
Heeze;Heeze-Leende
Hegebeintum;Noardeast-Fryslân
Hegelsom;HorstaandeMaas
Hei- en Boeicop;Vijfheerenlanden
Heibloem;Leudal
Heide;Venray
It Heidenskip;Súdwest-Fryslân
Ter Heijde;Westland
Heijen;Gennep
Heijenrath;Gulpen-Wittem
Heijningen;Moerdijk
Heikant;Hulst
Heilig Landstichting;BergenDal
Heiligerlee;Oldambt
Heiloo;Heiloo
Heinenoord;HoekscheWaard
Heinkenszand;Borsele
Heino;Raalte
Hekelingen;Nissewaard
Hekendorp;Oudewater
Helden;PeelenMaas
Den Helder;DenHelder
Helenaveen;Deurne
Hellendoorn;Hellendoorn
Hellevoetsluis;Hellevoetsluis
Hellouw;WestBetuwe
Hellum;Midden-Groningen
Helmond;Helmond
Helvoirt;Haaren
Hem;Drechterland
Hemelum;Súdwest-Fryslân
Hemmen;Overbetuwe
Hempens;Leeuwarden
Hemrik;Opsterland
Hendrik-Ido-Ambacht;Hendrik-Ido-Ambacht
Hengelo;Hengelo
Hengelo (Gld);Bronckhorst
Hengevelde;HofvanTwente
Hengstdijk;Hulst
Hensbroek;Koggenland
Herbaijum;Waadhoeke
Herkenbosch;Roerdalen
Herkingen;Goeree-Overflakkee
Hernen;Wijchen
Herpen;Oss
Herpt;Heusden
Herten;Roermond
Hertme;Borne
's-Hertogenbosch;'s-Hertogenbosch
Herveld;Overbetuwe
Herwen;Zevenaar
Herwijnen;WestBetuwe
Heteren;Overbetuwe
Heukelom;Oisterwijk
Heukelum;WestBetuwe
Heumen;Heumen
De Heurne;Aalten
Heusden;Heusden
Heusden;Asten
Heveadorp;Renkum
Heythuysen;Leudal
Hezingen;Tubbergen
Hiaure;Noardeast-Fryslân
Hichtum;Súdwest-Fryslân
Hidaard;Súdwest-Fryslân
Hierden;Harderwijk
Hieslum;Súdwest-Fryslân
Hijken;Midden-Drenthe
Hijum;Leeuwarden
Hilaard;Leeuwarden
Hillegom;Hillegom
Hilvarenbeek;Hilvarenbeek
Hilversum;Hilversum
Hindeloopen;Súdwest-Fryslân
Hinnaard;Súdwest-Fryslân
Hippolytushoef;HollandsKroon
Hitzum;Waadhoeke
Hobrede;Edam-Volendam
Hoedekenskerke;Borsele
de Hoef;DeRondeVenen
Hoef en Haag;Vijfheerenlanden
Hoek;Terneuzen
Hoek van Holland;Rotterdam
Hoenderloo;Apeldoorn
Hoenderloo;Ede
Hoensbroek;Heerlen
Hoenzadriel;Maasdriel
De Hoeve;Weststellingwerf
Hoevelaken;Nijkerk
Hoeven;Halderberge
Hoge Hexel;Wierden
Hollandsche Rading;DeBilt
Hollandscheveld;Hoogeveen
Hollum;Ameland
Holsloot;Coevorden
Holten;Rijssen-Holten
Holthees;Boxmeer
Holtheme;Hardenberg
Holthone;Hardenberg
Holtum;Sittard-Geleen
Holwerd;Noardeast-Fryslân
Holwierde;Delfzijl
Hommerts;Súdwest-Fryslân
Homoet;Overbetuwe
Honselersdijk;Westland
Hoofddorp;Haarlemmermeer
Hoofdplaat;Sluis
Hoog Soeren;Apeldoorn
Hoogblokland;Molenlanden
Hooge Mierde;Reusel-DeMierden
Hooge Zwaluwe;Drimmelen
Hoogeloon;Bladel
Hoogenweg;Hardenberg
Hoogerheide;Woensdrecht
Hoogersmilde;Westerveld
Hoogersmilde;Midden-Drenthe
Hoogeveen;Hoogeveen
Hoogezand;Midden-Groningen
Hooghalen;Midden-Drenthe
Hoogkarspel;Drechterland
Hoog-Keppel;Bronckhorst
Hoogland;Amersfoort
Hooglanderveen;Amersfoort
Hoogmade;KaagenBraassem
Hoogvliet Rotterdam;Rotterdam
Hoogwoud;Opmeer
Hoorn;Terschelling
Hoorn;Hoorn
Den Hoorn;Midden-Delfland
Den Hoorn;Texel
Hoornaar;Molenlanden
Hoornsterzwaag;Heerenveen
Horn;Leudal
Den Horn;Westerkwartier
Hornhuizen;HetHogeland
Horssen;Druten
Horst;HorstaandeMaas
Den Hout;Oosterhout
Houten;Houten
Houtigehage;Smallingerland
Houwerzijl;HetHogeland
Huijbergen;Woensdrecht
Huis ter Heide;Zeist
Huis ter Heide;Noordenveld
Huisduinen;DenHelder
Huisseling;Oss
Huissen;Lingewaard
Huizen;Huizen
Huizinge;Loppersum
Hulsberg;Beekdaelen
Hulsel;Reusel-DeMierden
Hulshorst;Nunspeet
Hulst;Hulst
Hulten;GilzeenRijen
Hummelo;Bronckhorst
Húns;Leeuwarden
Hunsel;Leudal
Hurdegaryp;Tytsjerksteradiel
Hurwenen;Maasdriel
Idaerd;Leeuwarden
Idsegahuizum;Súdwest-Fryslân
Idskenhuizen;DeFryskeMarren
Ter Idzard;Weststellingwerf
Idzega;Súdwest-Fryslân
Iens;Súdwest-Fryslân
IJhorst;Staphorst
IJlst;Súdwest-Fryslân
IJmuiden;Velsen
IJsselham;Steenwijkerland
IJsselmuiden;Kampen
IJsselstein;IJsselstein
IJzendijke;Sluis
IJzendoorn;Neder-Betuwe
Den Ilp;Landsmeer
Ilpendam;Waterland
Indijk;Súdwest-Fryslân
Ingber;Gulpen-Wittem
Ingelum;Waadhoeke
Ingen;Buren
Itens;Súdwest-Fryslân
Ittervoort;Leudal
Jaarsveld;Lopik
Jabeek;Beekdaelen
Jannum;Noardeast-Fryslân
Jellum;Leeuwarden
Jelsum;Leeuwarden
Jirnsum;Leeuwarden
Jislum;Noardeast-Fryslân
Jisp;Wormerland
Jistrum;Tytsjerksteradiel
Jonkerslân;Opsterland
Jonkersvaart;Westerkwartier
Joppe;Lochem
Jorwert;Leeuwarden
Joure;DeFryskeMarren
Jouswier;Noardeast-Fryslân
Jubbega;Heerenveen
Julianadorp;DenHelder
Jutrijp;Súdwest-Fryslân
Kaag;KaagenBraassem
Kaard;Terschelling
Kaatsheuvel;LoonopZand
Kalenberg;Steenwijkerland
Kallenkote;Steenwijkerland
Kamerik;Woerden
Kampen;Kampen
Kamperland;Noord-Beveland
Kamperveen;Kampen
Kantens;HetHogeland
Kapel Avezaath;Tiel
Kapel-Avezaath;Buren
Kapelle;Kapelle
Kapellebrug;Hulst
Katlijk;Heerenveen
Kats;Noord-Beveland
Kattendijke;Goes
Katwijk;Katwijk
Katwijk NB;Cuijk
Katwoude;Waterland
Kedichem;Vijfheerenlanden
Keent;Oss
Keijenborg;Bronckhorst
Kekerdom;BergenDal
Kelpen-Oler;Leudal
Kerk Avezaath;Tiel
Kerk-Avezaath;Buren
Kerkdriel;Maasdriel
Kerkenveld;DeWolden
Kerkrade;Kerkrade
Kerkwerve;Schouwen-Duiveland
Kerkwijk;Zaltbommel
Kessel;PeelenMaas
Kesteren;Neder-Betuwe
De Kiel;Coevorden
Kiel-Windeweer;Midden-Groningen
Kilder;Montferland
Kimswerd;Súdwest-Fryslân
Kinderdijk;Molenlanden
Kinnum;Terschelling
Klaaswaal;HoekscheWaard
Klarenbeek;Voorst
Klarenbeek;Apeldoorn
Klazienaveen;Emmen
Klazienaveen-Noord;Emmen
Klein Zundert;Zundert
Klijndijk;Borger-Odoorn
Klimmen;Voerendaal
Kloetinge;Kapelle
Kloetinge;Goes
De Klomp;Ede
Klooster Lidlum;Waadhoeke
Kloosterburen;HetHogeland
Kloosterhaar;Hardenberg
Kloosterhaar;Twenterand
Kloosterzande;Hulst
Klundert;Moerdijk
Knegsel;Eersel
De Knipe;Heerenveen
Koarnjum;Leeuwarden
Kockengen;StichtseVecht
Koedijk;Langedijk
Koedijk;Alkmaar
Koekange;DeWolden
Koewacht;Terneuzen
Kolderwolde;DeFryskeMarren
Kolham;Midden-Groningen
Kolhorn;HollandsKroon
Kollum;Noardeast-Fryslân
Kollumerpomp;Noardeast-Fryslân
Kollumerzwaag;Noardeast-Fryslân
Kommerzijl;Westerkwartier
Koningsbosch;Echt-Susteren
Koningslust;PeelenMaas
De Koog;Texel
Koog aan de Zaan;Zaanstad
Kootstertille;Achtkarspelen
Kootwijk;Barneveld
Kootwijkerbroek;Barneveld
Kornhorn;Westerkwartier
Kornwerderzand;Súdwest-Fryslân
Kortehemmen;Smallingerland
Kortenhoef;Wijdemeren
Kortgene;Noord-Beveland
Koudekerk aan den Rijn;AlphenaandenRijn
Koudekerke;Veere
Koudum;Súdwest-Fryslân
Koufurderrige;Súdwest-Fryslân
Krabbendijke;Reimerswaal
Kraggenburg;Noordoostpolder
Kreileroord;HollandsKroon
Krewerd;Delfzijl
De Krim;Hardenberg
Krimpen aan de Lek;Krimpenerwaard
Krimpen aan den IJssel;KrimpenaandenIJssel
Kring van Dorth;Lochem
Krommenie;Zaanstad
Kronenberg;HorstaandeMaas
Kropswolde;Midden-Groningen
Kruiningen;Reimerswaal
Kruisland;Steenbergen
Kûbaard;Súdwest-Fryslân
Kudelstaart;Aalsmeer
Kuinre;Steenwijkerland
Kuitaart;Hulst
Kwadendamme;Borsele
Kwadijk;Edam-Volendam
De Kwakel;Uithoorn
Kwintsheul;Westland
Laag Zuthem;Raalte
Laag-Keppel;Bronckhorst
Laag-Soeren;Rheden
Lage Mierde;Reusel-DeMierden
Lage Vuursche;Baarn
Lage Zwaluwe;Drimmelen
Lageland;Midden-Groningen
Lageland GN;Groningen
Lambertschaag;Medemblik
Lamswaarde;Hulst
Landerum;Terschelling
Landgraaf;Landgraaf
Landhorst;SintAnthonis
Landsmeer;Landsmeer
Langbroek;WijkbijDuurstede
Langedijke;Ooststellingwerf
Langelille;Weststellingwerf
Langelo;Noordenveld
Langenboom;MillenSintHubert
Langerak;Molenlanden
Langeveen;Tubbergen
Langeweg;Moerdijk
Langezwaag;Opsterland
Langweer;DeFryskeMarren
Laren;Lochem
Laren;Laren
Lathum;Zevenaar
Lattrop-Breklenkamp;Dinkelland
Lauwersoog;HetHogeland
Lauwerzijl;Westerkwartier
Ledeacker;SintAnthonis
Leek;Westerkwartier
Leende;Heeze-Leende
Leens;HetHogeland
Leerbroek;Vijfheerenlanden
Leerdam;Vijfheerenlanden
Leermens;Loppersum
Leersum;UtrechtseHeuvelrug
Leeuwarden;Leeuwarden
Legemeer;DeFryskeMarren
Leiden;Leiden
Leiderdorp;Leiderdorp
Leidschendam;Leidschendam-Voorburg
Leimuiden;KaagenBraassem
Leimuiderbrug;Haarlemmermeer
Lekkerkerk;Krimpenerwaard
Lekkum;Leeuwarden
Lellens;Groningen
Lelystad;Lelystad
Lemele;Ommen
Lemelerveld;Dalfsen
Lemiers;Vaals
Lemmer;DeFryskeMarren
Lengel;Montferland
Lent;Nijmegen
Leons;Leeuwarden
Lepelstraat;BergenopZoom
Lettelbert;Westerkwartier
Lettele;Deventer
Leunen;Venray
Leur;Wijchen
Leusden;Leusden
Leuth;BergenDal
Leutingewolde;Noordenveld
Leuvenheim;Brummen
Leveroy;Nederweert
Lewedorp;Borsele
Lexmond;Vijfheerenlanden
Lichtaard;Noardeast-Fryslân
Lichtenvoorde;OostGelre
Liempde;Boxtel
Lienden;Buren
De Lier;Westland
Lierderholthuis;Raalte
Lieren;Apeldoorn
Lierop;Someren
Lies;Terschelling
Lieshout;Laarbeek
Liessel;Deurne
Lievelde;OostGelre
Lieveren;Noordenveld
Lijnden;Haarlemmermeer
Limbricht;Sittard-Geleen
Limmen;Castricum
Linde;DeWolden
Linden;Cuijk
Linne;Maasgouw
Linschoten;Montfoort
Lioessens;Noardeast-Fryslân
Lippenhuizen;Opsterland
Lisse;Lisse
Lisserbroek;Haarlemmermeer
Lith;Oss
Lithoijen;Oss
Lobith;Zevenaar
Lochem;Lochem
Loenen;Apeldoorn
Loenen aan de Vecht;StichtseVecht
Loenersloot;StichtseVecht
Loënga;Súdwest-Fryslân
Loerbeek;Montferland
Lollum;Súdwest-Fryslân
Lomm;Venlo
Longerhouw;Súdwest-Fryslân
Loo Gld;Duiven
Loo Gld;Lingewaard
't Loo Oldebroek;Oldebroek
Loon;Assen
Loon op Zand;LoonopZand
Loosbroek;Bernheze
Loosdrecht;Wijdemeren
Loozen;Hardenberg
Lopik;Lopik
Lopikerkapel;Lopik
Loppersum;Loppersum
Losdorp;Delfzijl
Losser;Losser
Lottum;HorstaandeMaas
Lucaswolde;Westerkwartier
Luddeweer;Midden-Groningen
Luinjeberd;Heerenveen
Lunteren;Ede
Lutjebroek;StedeBroec
Lutjegast;Westerkwartier
Lutjewinkel;HollandsKroon
de Lutte;Losser
Luttelgeest;Noordoostpolder
Lutten;Hardenberg
Luttenberg;Raalte
Luxwoude;Opsterland
Luyksgestel;Bergeijk
Lytsewierrum;Súdwest-Fryslân
Maarheeze;Cranendonck
Maarn;UtrechtseHeuvelrug
Maarsbergen;UtrechtseHeuvelrug
Maarssen;StichtseVecht
Maartensdijk;DeBilt
Maasbommel;WestMaasenWaal
Maasbracht;Maasgouw
Maasbree;PeelenMaas
Maasdam;HoekscheWaard
Maasdijk;Westland
Maashees;Boxmeer
Maasland;Midden-Delfland
Maassluis;Maassluis
Maastricht;Maastricht
Maastricht-Airport;Beek
Maasvlakte Rotterdam;Rotterdam
Macharen;Oss
Made;Drimmelen
Makkinga;Ooststellingwerf
Makkum;Súdwest-Fryslân
Malden;Heumen
Mander;Tubbergen
Manderveen;Tubbergen
Mantgum;Leeuwarden
Mantinge;Midden-Drenthe
Maren-Kessel;Oss
Margraten;Eijsden-Margraten
Maria Hoop;Echt-Susteren
Mariahout;Laarbeek
Mariaparochie;Tubbergen
Mariënberg;Hardenberg
Mariënheem;Raalte
Mariënvelde;OostGelre
Marijenkampen;Steenwijkerland
Markelo;HofvanTwente
Marken;Waterland
Markenbinnen;Alkmaar
Marknesse;Noordoostpolder
Marle;Olst-Wijhe
Marrum;Noardeast-Fryslân
Marsum;Waadhoeke
Marum;Westerkwartier
Marwijksoord;AaenHunze
Mastenbroek;Zwartewaterland
Mastenbroek;Kampen
Matsloot;Noordenveld
Maurik;Buren
Mechelen;Gulpen-Wittem
Medemblik;Medemblik
Meeden;Midden-Groningen
Meedhuizen;Delfzijl
Meerkerk;Vijfheerenlanden
Meerlo;HorstaandeMaas
De Meern;Utrecht
Meerssen;Meerssen
Meerstad;Groningen
Meeuwen;Altena
Megchelen;OudeIJsselstreek
Megen;Oss
Meijel;PeelenMaas
Melderslo;HorstaandeMaas
Melick;Roerdalen
Meliskerke;Veere
Melissant;Goeree-Overflakkee
Menaam;Waadhoeke
Mensingeweer;HetHogeland
Meppel;Meppel
Meppen;Coevorden
Merkelbeek;Beekdaelen
Merselo;Venray
Meteren;WestBetuwe
Meterik;HorstaandeMaas
Metslawier;Noardeast-Fryslân
Mheer;Eijsden-Margraten
Middelaar;MookenMiddelaar
Middelburg;Middelburg
Middelharnis;Goeree-Overflakkee
Middelie;Edam-Volendam
Middelstum;Loppersum
Middenbeemster;Beemster
Middenmeer;HollandsKroon
Midlaren;Tynaarlo
Midlum;Harlingen
Midsland;Terschelling
Midwolda;Oldambt
Midwolde;Westerkwartier
Midwoud;Medemblik
Miedum;Leeuwarden
Mierlo;Geldrop-Mierlo
Mijdrecht;DeRondeVenen
Mijnsheerenland;HoekscheWaard
Mildam;Heerenveen
Milheeze;Gemert-Bakel
Mill;MillenSintHubert
Millingen aan de Rijn;BergenDal
Milsbeek;Gennep
Minnertsga;Waadhoeke
Mirns;DeFryskeMarren
Moddergat;Noardeast-Fryslân
De Moer;LoonopZand
Moerdijk;Moerdijk
Moergestel;Oisterwijk
Moerkapelle;Zuidplas
Moerstraten;Roosendaal
Molenaarsgraaf;Molenlanden
Molenhoek;MookenMiddelaar
Molenschot;GilzeenRijen
Molkwerum;Súdwest-Fryslân
Monnickendam;Waterland
Monster;Westland
Montfoort;Montfoort
Montfort;Roerdalen
Mook;MookenMiddelaar
Mookhoek;HoekscheWaard
Moordrecht;Zuidplas
Moorveld;Meerssen
Morra;Noardeast-Fryslân
De Mortel;Gemert-Bakel
Muiden;GooiseMeren
Muiderberg;GooiseMeren
Mûnein;Tytsjerksteradiel
Munnekeburen;Weststellingwerf
Munnekezijl;Noardeast-Fryslân
Munstergeleen;Sittard-Geleen
Muntendam;Midden-Groningen
Mussel;Stadskanaal
Musselkanaal;Stadskanaal
Naaldwijk;Westland
Naarden;GooiseMeren
Nagele;Noordoostpolder
Nederasselt;Heumen
Nederhemert;Zaltbommel
Nederhorst den Berg;Wijdemeren
Nederland;Steenwijkerland
Nederweert;Nederweert
Nederweert-Eind;Nederweert
Neede;Berkelland
Neer;Leudal
Neerijnen;WestBetuwe
Neeritter;Leudal
Neerkant;Deurne
Neerlangel;Oss
Neerloon;Oss
Nes;Heerenveen
Nes;Ameland
Nes;Noardeast-Fryslân
Netersel;Bladel
Netterden;OudeIJsselstreek
Niawier;Noardeast-Fryslân
Nibbixwoud;Medemblik
Niebert;Westerkwartier
Niehove;Westerkwartier
Niekerk;Westerkwartier
Niekerk;HetHogeland
Nietap;Noordenveld
Nieuw Annerveen;AaenHunze
Nieuw Beerta;Oldambt
Nieuw- en Sint Joosland;Middelburg
Nieuw Heeten;Raalte
Nieuw Namen;Hulst
Nieuw Scheemda;Oldambt
Nieuwaal;Zaltbommel
Nieuw-Amsterdam;Emmen
Nieuw-Balinge;Midden-Drenthe
Nieuw-Beijerland;HoekscheWaard
Nieuw-Buinen;Borger-Odoorn
Nieuw-Dordrecht;Emmen
Nieuwdorp;Borsele
Nieuwe Niedorp;HollandsKroon
Nieuwe Pekela;Pekela
Nieuwe Wetering;KaagenBraassem
Nieuwebrug;Heerenveen
Nieuwediep;AaenHunze
Nieuwegein;Nieuwegein
Nieuwehorne;Heerenveen
Nieuwendijk;Altena
Nieuwer Ter Aa;StichtseVecht
Nieuwerbrug aan den Rijn;Bodegraven-Reeuwijk
Nieuwerkerk;Schouwen-Duiveland
Nieuwerkerk aan den IJssel;Zuidplas
Nieuweroord;Hoogeveen
Nieuweroord;Midden-Drenthe
Nieuwersluis;StichtseVecht
Nieuweschoot;Heerenveen
Nieuwe-Tonge;Goeree-Overflakkee
Nieuwkoop;Nieuwkoop
Nieuwkuijk;Heusden
Nieuwland;Vijfheerenlanden
Nieuwlande;Hoogeveen
Nieuwlande Coevorden;Coevorden
Nieuw-Lekkerland;Molenlanden
Nieuwleusen;Dalfsen
Nieuwolda;Oldambt
Nieuwpoort;Molenlanden
Nieuw-Roden;Noordenveld
Nieuw-Schoonebeek;Emmen
Nieuwstadt;Echt-Susteren
Nieuwveen;Nieuwkoop
Nieuw-Vennep;Haarlemmermeer
Nieuwvliet;Sluis
Nieuw-Vossemeer;Steenbergen
Nieuw-Weerdinge;Emmen
Niezijl;Westerkwartier
Niftrik;Wijchen
Nigtevecht;StichtseVecht
Nij Altoenae;Waadhoeke
Nij Beets;Opsterland
Nijbroek;Voorst
Nijeberkoop;Ooststellingwerf
Nijega;Smallingerland
Nijehaske;DeFryskeMarren
Nijeholtpade;Weststellingwerf
Nijeholtwolde;Weststellingwerf
Nijelamer;Weststellingwerf
Nijemirdum;DeFryskeMarren
Nijensleek;Westerveld
Nijetrijne;Weststellingwerf
Nijeveen;Meppel
Nijhuizum;Súdwest-Fryslân
Nijkerk;Nijkerk
Nijkerkerveen;Nijkerk
Nijland;Súdwest-Fryslân
Nijlande;AaenHunze
Nijmegen;Nijmegen
Nijverdal;Hellendoorn
Nispen;Roosendaal
Nisse;Borsele
Nistelrode;Bernheze
Noardburgum;Tytsjerksteradiel
Nooitgedacht;AaenHunze
Noorbeek;Eijsden-Margraten
Noordbeemster;Beemster
Noordbroek;Midden-Groningen
Noordeinde;Alkmaar
Noordeinde Gld;Oldebroek
Noordeloos;Molenlanden
Noorden;Nieuwkoop
Noordgouwe;Schouwen-Duiveland
Noordhoek;Moerdijk
Noordhorn;Westerkwartier
Noordlaren;Groningen
Noord-Scharwoude;Langedijk
Noordscheschut;Hoogeveen
Noord-Sleen;Coevorden
Noordwelle;Schouwen-Duiveland
Noordwijk;Westerkwartier
Noordwijk;Noordwijk
Noordwijkerhout;Noordwijk
Noordwolde;HetHogeland
Noordwolde;Weststellingwerf
Nootdorp;Pijnacker-Nootdorp
Norg;Noordenveld
Notter;Wierden
Nuenen;Nuenen,GerwenenNederwetten
Nuis;Westerkwartier
Nuland;'s-Hertogenbosch
Numansdorp;HoekscheWaard
Nunhem;Leudal
Nunspeet;Nunspeet
Nuth;Beekdaelen
Nutter;Dinkelland
Obbicht;Sittard-Geleen
Obdam;Koggenland
Ochten;Neder-Betuwe
Odijk;Bunnik
Odiliapeel;Uden
Odoorn;Borger-Odoorn
Odoornerveen;Borger-Odoorn
Oeffelt;Boxmeer
Oegstgeest;Oegstgeest
Oene;Epe
Oentsjerk;Tytsjerksteradiel
Den Oever;HollandsKroon
Offingawier;Súdwest-Fryslân
Ohé en Laak;Maasgouw
Oijen;Oss
Oirlo;Venray
Oirsbeek;Beekdaelen
Oirschot;Oirschot
Oisterwijk;Oisterwijk
Okkenbroek;Deventer
Olburgen;Bronckhorst
Oldeberkoop;Ooststellingwerf
Oldebroek;Oldebroek
Oldeholtpade;Weststellingwerf
Oldeholtwolde;Weststellingwerf
Oldehove;Westerkwartier
Oldekerk;Westerkwartier
Oldelamer;Weststellingwerf
Oldemarkt;Steenwijkerland
Oldenzaal;Oldenzaal
Oldenzijl;HetHogeland
Oldeouwer;DeFryskeMarren
Oldetrijne;Weststellingwerf
Olst;Olst-Wijhe
Olterterp;Opsterland
Ommel;Asten
Ommen;Ommen
Ommeren;Buren
Onderdendam;HetHogeland
Onna;Steenwijkerland
Onnen;Groningen
Onstwedde;Stadskanaal
Ooij;BergenDal
Ooltgensplaat;Goeree-Overflakkee
Oost West en Middelbeers;Oirschot
Oostburg;Sluis
Oostdijk;Reimerswaal
Oosteind;Oosterhout
Oosterbeek;Renkum
Oosterbierum;Waadhoeke
Oosterblokker;Drechterland
Oosterend;Terschelling
Oosterend;Texel
Oosterhesselen;Coevorden
Oosterhout;Overbetuwe
Oosterhout;Oosterhout
Oosterland;Schouwen-Duiveland
Oosterleek;Drechterland
Oosternieland;HetHogeland
Oosternijkerk;Noardeast-Fryslân
Oosterstreek;Weststellingwerf
Oosterwijk;Vijfheerenlanden
Oosterwijtwerd;Loppersum
Oosterwolde;Ooststellingwerf
Oosterwolde Gld;Oldebroek
Oosterzee;DeFryskeMarren
Oost-Graftdijk;Alkmaar
Oosthem;Súdwest-Fryslân
Oosthuizen;Edam-Volendam
Oostkapelle;Veere
Oostknollendam;Wormerland
Oostrum;Venray
Oostrum;Noardeast-Fryslân
Oost-Souburg;Vlissingen
Oostvoorne;Westvoorne
Oostwold;Oldambt
Oostwold;Westerkwartier
Oostwoud;Medemblik
Oostzaan;Oostzaan
Ootmarsum;Dinkelland
Opeinde;Smallingerland
Opende;Westerkwartier
Ophemert;WestBetuwe
Opheusden;Neder-Betuwe
Opijnen;WestBetuwe
Oploo;SintAnthonis
Opmeer;Opmeer
Oppenhuizen;Súdwest-Fryslân
Opperdoes;Medemblik
Oranje;Midden-Drenthe
Oranjewoud;Heerenveen
Orvelte;Midden-Drenthe
Ospel;Nederweert
Oss;Oss
Ossendrecht;Woensdrecht
Ossenisse;Hulst
Ossenwaard;Vijfheerenlanden
Ossenzijl;Steenwijkerland
Oterleek;Alkmaar
Otterlo;Ede
Ottersum;Gennep
Ottoland;Molenlanden
Oud Ade;KaagenBraassem
Oud Annerveen;AaenHunze
Oud Gastel;Halderberge
Oud Ootmarsum;Dinkelland
Oud Zuilen;StichtseVecht
Oud-Alblas;Molenlanden
Oud-Beijerland;HoekscheWaard
Ouddorp;Goeree-Overflakkee
Oude Meer;Haarlemmermeer
Oude Niedorp;HollandsKroon
Oude Pekela;Pekela
Oude Wetering;KaagenBraassem
Oude Willem;Westerveld
Oudebildtzijl;Waadhoeke
Oudega;Smallingerland
Oudega;DeFryskeMarren
Oudega;Súdwest-Fryslân
Oudehaske;DeFryskeMarren
Oudehorne;Heerenveen
Oudelande;Borsele
Oudemirdum;DeFryskeMarren
Oudemolen;Moerdijk
Oudemolen;Tynaarlo
Oudenbosch;Halderberge
Oudendijk;Koggenland
Oudenhoorn;Hellevoetsluis
Ouderkerk aan de Amstel;Ouder-Amstel
Ouderkerk aan den IJssel;Krimpenerwaard
Oudeschans;Westerwolde
Oudeschild;Texel
Oudeschip;HetHogeland
Oudeschoot;Heerenveen
Oudesluis;Schagen
Oude-Tonge;Goeree-Overflakkee
Oudewater;Oudewater
Oudezijl;Oldambt
Oudheusden;Heusden
Oudkarspel;Schagen
Oudkarspel;Langedijk
Oudorp;Alkmaar
Oud-Vossemeer;Tholen
Oudwoude;Noardeast-Fryslân
Ouwerkerk;Schouwen-Duiveland
Ouwsterhaule;DeFryskeMarren
Ouwster-Nijega;DeFryskeMarren
Overasselt;Heumen
Overberg;UtrechtseHeuvelrug
Overdinkel;Losser
Overlangel;Oss
Overloon;Boxmeer
Overschild;Midden-Groningen
Overslag;Terneuzen
Overveen;Bloemendaal
Ovezande;Borsele
Paasloo;Steenwijkerland
Paesens;Noardeast-Fryslân
Pannerden;Zevenaar
Panningen;PeelenMaas
Papekop;Oudewater
Papendrecht;Papendrecht
Papenhoven;Sittard-Geleen
Papenvoort;AaenHunze
Parrega;Súdwest-Fryslân
Paterswolde;Tynaarlo
Peest;Noordenveld
Peins;Waadhoeke
Peize;Noordenveld
Peperga;Weststellingwerf
Pernis Rotterdam;Rotterdam
Persingen;BergenDal
Pesse;Westerveld
Pesse;Hoogeveen
Petten;Schagen
Philippine;Terneuzen
Piaam;Súdwest-Fryslân
Piershil;HoekscheWaard
Pieterburen;HetHogeland
Pietersbierum;Waadhoeke
Pieterzijl;Westerkwartier
Pijnacker;Pijnacker-Nootdorp
Pingjum;Súdwest-Fryslân
Plasmolen;MookenMiddelaar
Poederoijen;Zaltbommel
Poeldijk;Westland
De Pol;Steenwijkerland
Polsbroek;Lopik
Poortugaal;Albrandswaard
Poortvliet;Tholen
Poppenwier;Súdwest-Fryslân
Ten Post;Groningen
Posterholt;Roerdalen
Prinsenbeek;Breda
Puiflijk;Druten
De Punt;Tynaarlo
Punthorst;Staphorst
Purmer;Edam-Volendam
Purmer;Waterland
Purmerend;Purmerend
Purmerland;Landsmeer
Puth;Beekdaelen
Putte;Woensdrecht
Putten;Putten
Puttershoek;HoekscheWaard
Raalte;Raalte
Raamsdonk;Geertruidenberg
Raamsdonksveer;Geertruidenberg
Raard;Noardeast-Fryslân
Radewijk;Hardenberg
Radio Kootwijk;Apeldoorn
Raerd;Súdwest-Fryslân
Randwijk;Overbetuwe
Ransdaal;Voerendaal
Rasquert;HetHogeland
Ravenstein;Oss
Ravenswaaij;Buren
Ravenswoud;Ooststellingwerf
Readtsjerk;Dantumadiel
Reahûs;Súdwest-Fryslân
Reduzum;Leeuwarden
Reek;Landerd
Reeuwijk;Bodegraven-Reeuwijk
Reijmerstok;Gulpen-Wittem
Reitsum;Noardeast-Fryslân
Rekken;Berkelland
Renesse;Schouwen-Duiveland
Renkum;Renkum
Renswoude;Renswoude
Ressen;Lingewaard
Retranchement;Sluis
Reusel;Reusel-DeMierden
Reutum;Tubbergen
Reuver;Beesel
Rha;Bronckhorst
Rheden;Rheden
Rhee;Assen
Rheeze;Hardenberg
Rheezerveen;Hardenberg
Rhenen;Rhenen
Rhenoy;WestBetuwe
Rhoon;Albrandswaard
Ridderkerk;Ridderkerk
Ried;Waadhoeke
Riel;Goirle
Rien;Súdwest-Fryslân
Riethoven;Bergeijk
Rietmolen;Berkelland
Rijen;GilzeenRijen
Rijkevoort;Boxmeer
Rijkevoort-De Walsert;SintAnthonis
Rijnsaterwoude;KaagenBraassem
Rijnsburg;Katwijk
De Rijp;Alkmaar
Rijpwetering;KaagenBraassem
Rijs;DeFryskeMarren
Rijsbergen;Zundert
Rijsenhout;Haarlemmermeer
Rijssen;Rijssen-Holten
Rijswijk;Rijswijk
Rijswijk (GLD);Buren
Rijswijk (NB);Altena
Rilland;Reimerswaal
Rinsumageast;Dantumadiel
De Rips;Gemert-Bakel
Ritthem;Vlissingen
Rockanje;Westvoorne
Roden;Noordenveld
Roderesch;Noordenveld
Roderwolde;Noordenveld
Roelofarendsveen;KaagenBraassem
Roermond;Roermond
Rogat;Meppel
Roggel;Leudal
Rohel;DeFryskeMarren
Rolde;AaenHunze
Roodeschool;HetHogeland
Roosendaal;Roosendaal
Roosteren;Echt-Susteren
Rosmalen;'s-Hertogenbosch
Rossum;Dinkelland
Rossum;Maasdriel
Roswinkel;Emmen
Rotstergaast;DeFryskeMarren
Rotsterhaule;DeFryskeMarren
Rotterdam;Rotterdam
Rotterdam-Albrandswaard;Albrandswaard
Rottevalle;Smallingerland
Rottum;HetHogeland
Rottum;DeFryskeMarren
Rouveen;Staphorst
Rozenburg;Rotterdam
Rozenburg;Haarlemmermeer
Rozendaal;Rozendaal
Rucphen;Rucphen
Ruigahuizen;DeFryskeMarren
Ruinen;Westerveld
Ruinen;DeWolden
Ruinerwold;DeWolden
Rumpt;WestBetuwe
Rutten;Noordoostpolder
Ruurlo;Berkelland
Ryptsjerk;Tytsjerksteradiel
Saaksum;Westerkwartier
Saasveld;Dinkelland
Saaxumhuizen;HetHogeland
Sambeek;Boxmeer
Sandfirden;Súdwest-Fryslân
Santpoort-Noord;Velsen
Santpoort-Zuid;Velsen
Sappemeer;Midden-Groningen
Sas van Gent;Terneuzen
Sassenheim;Teylingen
Sauwerd;HetHogeland
Schagen;Schagen
Schagerbrug;Schagen
Schaijk;Landerd
Schalkhaar;Deventer
Schalkwijk;Houten
Schalsum;Waadhoeke
Schardam;Edam-Volendam
Scharendijke;Schouwen-Duiveland
Scharmer;Midden-Groningen
Scharnegoutum;Súdwest-Fryslân
Scharsterbrug;DeFryskeMarren
Scharwoude;Koggenland
Scheemda;Oldambt
Scheerwolde;Steenwijkerland
Schellinkhout;Drechterland
Schelluinen;Molenlanden
Schermerhorn;Alkmaar
Scherpenisse;Tholen
Scherpenzeel;Weststellingwerf
Scherpenzeel;Scherpenzeel
Schettens;Súdwest-Fryslân
Scheulder;Eijsden-Margraten
Schiedam;Schiedam
Schiermonnikoog;Schiermonnikoog
Schijf;Rucphen
Schijndel;Meierijstad
Schildwolde;Midden-Groningen
Schimmert;Beekdaelen
Schin op Geul;ValkenburgaandeGeul
Schinnen;Beekdaelen
Schinveld;Beekdaelen
Schipborg;AaenHunze
Schiphol;Haarlemmermeer
Schiphol-Rijk;Haarlemmermeer
De Schiphorst;Meppel
Schipluiden;Midden-Delfland
Schokland;Noordoostpolder
Schoondijke;Sluis
Schoonebeek;Emmen
Schoonhoven;Krimpenerwaard
Schoonloo;AaenHunze
Schoonoord;Coevorden
Schoonrewoerd;Vijfheerenlanden
Schoorl;Bergen(NH.)
Schore;Kapelle
Schouwerzijl;HetHogeland
Schraard;Súdwest-Fryslân
Schuinesloot;Hardenberg
Sebaldeburen;Westerkwartier
Sellingen;Westerwolde
Serooskerke;Schouwen-Duiveland
Serooskerke;Veere
Sevenum;HorstaandeMaas
Sexbierum;Waadhoeke
Sibculo;Twenterand
Sibculo;Hardenberg
Sibrandabuorren;Súdwest-Fryslân
Sibrandahûs;Dantumadiel
Siddeburen;Midden-Groningen
Siebengewald;Bergen(L.)
Siegerswoude;Opsterland
Sijbekarspel;Medemblik
Silvolde;OudeIJsselstreek
Simonshaven;Nissewaard
Simpelveld;Simpelveld
Sinderen;OudeIJsselstreek
Sint Agatha;Cuijk
Sint Annen;Groningen
Sint Anthonis;SintAnthonis
Sint Geertruid;Eijsden-Margraten
Sint Hubert;MillenSintHubert
Sint Jansklooster;Steenwijkerland
Sint Jansteen;Hulst
Sint Joost;Echt-Susteren
Sint Kruis;Sluis
Sint Maarten;Schagen
Sint Maartensbrug;Schagen
Sint Maartensvlotbrug;Schagen
Sint Nicolaasga;DeFryskeMarren
Sint Odiliënberg;Roerdalen
Sint Pancras;Langedijk
Sint Philipsland;Tholen
St. Willebrord;Rucphen
Sint-Annaland;Tholen
St.-Annaparochie;Waadhoeke
St.-Jacobiparochie;Waadhoeke
Sintjohannesga;DeFryskeMarren
Sint-Maartensdijk;Tholen
Sint-Michielsgestel;Sint-Michielsgestel
Sint-Oedenrode;Meierijstad
Sirjansland;Schouwen-Duiveland
Sittard;Sittard-Geleen
Skingen;Waadhoeke
Slagharen;Hardenberg
Slappeterp;Waadhoeke
Sleen;Coevorden
Sleeuwijk;Altena
Slenaken;Gulpen-Wittem
Sliedrecht;Sliedrecht
Slijkenburg;Weststellingwerf
Slijk-Ewijk;Overbetuwe
Slochteren;Midden-Groningen
Slootdorp;HollandsKroon
Sloten;DeFryskeMarren
Sluis;Sluis
Sluiskil;Terneuzen
Smakt;Venray
Smalle Ee;Smallingerland
Smallebrugge;Súdwest-Fryslân
Smilde;Midden-Drenthe
Snakkerburen;Leeuwarden
Sneek;Súdwest-Fryslân
Snelrewaard;Oudewater
Snikzwaag;DeFryskeMarren
Soerendonk;Cranendonck
Soest;Soest
Soesterberg;Soest
Someren;Someren
Sommelsdijk;Goeree-Overflakkee
Son en Breugel;SonenBreugel
Sondel;DeFryskeMarren
Sonnega;Weststellingwerf
Spaarndam;Haarlemmermeer
Spaarndam gem. Haarlem;Haarlem
Spanbroek;Opmeer
Spanga;Weststellingwerf
Spankeren;Rheden
Spannum;Waadhoeke
Spaubeek;Beek
Spier;Midden-Drenthe
Spier;Westerveld
Spierdijk;Koggenland
Spijk;Zevenaar
Spijk;Delfzijl
Spijk;WestBetuwe
Spijkenisse;Nissewaard
Spijkerboor;AaenHunze
Spijkerboor;Wormerland
Sprang-Capelle;Waalwijk
Sprundel;Rucphen
Spui;Terneuzen
Stad aan 't Haringvliet;Goeree-Overflakkee
Stadskanaal;Stadskanaal
Stampersgat;Halderberge
Standdaarbuiten;Moerdijk
Staphorst;Staphorst
Starnmeer;Alkmaar
Startenhuizen;Loppersum
Startenhuizen;HetHogeland
Stavenisse;Tholen
Stavoren;Súdwest-Fryslân
Stedum;Loppersum
De Steeg;Rheden
Steenbergen;Steenbergen
Steenbergen;Noordenveld
Steendam;Midden-Groningen
Steenderen;Bronckhorst
Steenenkamer;Voorst
Steensel;Eersel
Steenwijk;Steenwijkerland
Steenwijkerwold;Steenwijkerland
Stegeren;Ommen
Steggerda;Weststellingwerf
Stein;Stein
Stellendam;Goeree-Overflakkee
Sterksel;Heeze-Leende
Stevensbeek;SintAnthonis
Stevensweert;Maasgouw
Steyl;Venlo
Stieltjeskanaal;Coevorden
Stiens;Leeuwarden
Stitswerd;HetHogeland
Stokkum;Montferland
Stolwijk;Krimpenerwaard
Stompetoren;Alkmaar
Stoutenburg;Leusden
Stoutenburg Noord;Amersfoort
Stramproy;Weert
Streefkerk;Molenlanden
Striep;Terschelling
Strijbeek;Alphen-Chaam
Strijen;HoekscheWaard
Strijensas;HoekscheWaard
Stroe;Barneveld
Stroobos;Achtkarspelen
Stuifzand;Midden-Drenthe
Stuifzand;Hoogeveen
Sumar;Tytsjerksteradiel
Surhuisterveen;Achtkarspelen
Surhuizum;Achtkarspelen
Susteren;Echt-Susteren
Suwâld;Tytsjerksteradiel
Swalmen;Roermond
Sweikhuizen;Beekdaelen
Swichum;Leeuwarden
Swifterbant;Dronten
Swolgen;HorstaandeMaas
Taarlo;Tynaarlo
Teeffelen;Oss
Teerns;Leeuwarden
Tegelen;Venlo
Terband;Heerenveen
Terborg;OudeIJsselstreek
Terheijden;Drimmelen
Terherne;DeFryskeMarren
Terhole;Hulst
Terkaple;DeFryskeMarren
Termunten;Delfzijl
Termunterzijl;Delfzijl
Ternaard;Noardeast-Fryslân
Terneuzen;Terneuzen
Teroele;DeFryskeMarren
Terschuur;Barneveld
Tersoal;Súdwest-Fryslân
Terwispel;Opsterland
Terwolde;Voorst
Teteringen;Breda
Teuge;Voorst
Thesinge;Groningen
Tholen;Tholen
Thorn;Maasgouw
Tiel;Tiel
Tiendeveen;Hoogeveen
Tiendeveen;Midden-Drenthe
Tienhoven;StichtseVecht
Tienhoven aan de Lek;Vijfheerenlanden
Tienray;HorstaandeMaas
Tijnje;Opsterland
De Tike;Smallingerland
Tilburg;Tilburg
Tilligte;Dinkelland
Tinallinge;HetHogeland
Tinte;Westvoorne
Tirns;Súdwest-Fryslân
Tjalhuizum;Súdwest-Fryslân
Tjalleberd;Heerenveen
Tjerkgaast;DeFryskeMarren
Tjerkwerd;Súdwest-Fryslân
Tjuchem;Midden-Groningen
Tolbert;Westerkwartier
Toldijk;Bronckhorst
Tolkamer;Zevenaar
Tollebeek;Noordoostpolder
Tonden;Brummen
Toornwerd;Loppersum
Tricht;WestBetuwe
Triemen;Noardeast-Fryslân
Tripscompagnie;Midden-Groningen
Tubbergen;Tubbergen
Tuil;WestBetuwe
Tuitjenhorn;Schagen
Tuk;Steenwijkerland
Tull en 't Waal;Houten
Twello;Voorst
Twijzel;Achtkarspelen
Twijzelerheide;Achtkarspelen
Twisk;Medemblik
Tynaarlo;Tynaarlo
Tytsjerk;Tytsjerksteradiel
Tzum;Waadhoeke
Tzummarum;Waadhoeke
Ubbena;Assen
Ubbergen;BergenDal
Uddel;Apeldoorn
Uden;Uden
Udenhout;Tilburg
Uffelte;Westerveld
Ugchelen;Apeldoorn
Uitdam;Waterland
Uitgeest;Uitgeest
Uithoorn;Uithoorn
Uithuizen;HetHogeland
Uithuizermeeden;HetHogeland
Uitwellingerga;Súdwest-Fryslân
Uitwijk;Altena
Ulestraten;Meerssen
Ulft;OudeIJsselstreek
Ulicoten;Baarle-Nassau
Ulrum;HetHogeland
Ulvenhout;Breda
Ulvenhout AC;Alphen-Chaam
Ureterp;Opsterland
Urk;Urk
Urmond;Stein
Ursem;Alkmaar
Ursem;Koggenland
Usquert;HetHogeland
Utrecht;Utrecht
Vaals;Vaals
Vaassen;Epe
Valburg;Overbetuwe
Valkenburg;Katwijk
Valkenburg;ValkenburgaandeGeul
Valkenswaard;Valkenswaard
Valthe;Borger-Odoorn
Valthermond;Borger-Odoorn
2e Valthermond;Borger-Odoorn
Varik;WestBetuwe
Varsselder;OudeIJsselstreek
Varsseveld;OudeIJsselstreek
Vasse;Tubbergen
Veelerveen;Westerwolde
Veen;Altena
Veendam;Veendam
Veenendaal;Veenendaal
De Veenhoop;Smallingerland
Veenhuizen;Noordenveld
Veeningen;DeWolden
Veenklooster;Noardeast-Fryslân
Veenoord;Emmen
Veere;Veere
Veessen;Heerde
Vegelinsoord;DeFryskeMarren
Veghel;Meierijstad
't Veld;HollandsKroon
Velddriel;Maasdriel
Den Velde;Hardenberg
Velden;Venlo
Veldhoven;Veldhoven
Velp;Grave
Velp;Rheden
Velsen-Noord;Velsen
Velsen-Zuid;Velsen
Velserbroek;Velsen
Venebrugge;Hardenberg
Venhorst;Boekel
Venhuizen;Drechterland
Venlo;Venlo
Venray;Venray
Ven-Zelderheide;Gennep
Vessem;Eersel
Vethuizen;Montferland
Veulen;Venray
Vianen;Vijfheerenlanden
Vianen NB;Cuijk
Vierakker;Bronckhorst
Vierhouten;Nunspeet
Vierhuizen;HetHogeland
Vierlingsbeek;Boxmeer
Vierpolders;Brielle
Vijfhuizen;Haarlemmermeer
Vijlen;Vaals
Vilsteren;Ommen
Vinkega;Weststellingwerf
Vinkel;Bernheze
Vinkel;'s-Hertogenbosch
Vinkenbuurt;Ommen
Vinkeveen;DeRondeVenen
Visvliet;Westerkwartier
Vlaardingen;Vlaardingen
Vlagtwedde;Westerwolde
Vledder;Westerveld
Vledderveen;Westerveld
Vledderveen;Stadskanaal
Vleuten;Utrecht
Vlieland;Vlieland
Vlierden;Deurne
Vlijmen;Heusden
Vlissingen;Vlissingen
Vlist;Krimpenerwaard
Vlodrop;Roerdalen
Voerendaal;Voerendaal
Vogelenzang;Bloemendaal
Vogelwaarde;Hulst
Volendam;Edam-Volendam
Volkel;Uden
Vollenhove;Steenwijkerland
Vondelingenplaat Rotterdam;Rotterdam
Voorburg;Leidschendam-Voorburg
Voorhout;Teylingen
Voorschoten;Voorschoten
Voorst;OudeIJsselstreek
Voorst;Voorst
Voorthuizen;Barneveld
Vorchten;Heerde
Vorden;Bronckhorst
Vorstenbosch;Bernheze
Vortum-Mullem;Boxmeer
Vragender;OostGelre
Vredenheim;AaenHunze
Vredepeel;Venray
Vreeland;StichtseVecht
Vries;Tynaarlo
Vriescheloo;Westerwolde
Vriezenveen;Twenterand
Vroomshoop;Twenterand
Vrouwenakker;Nieuwkoop
Vrouwenparochie;Waadhoeke
Vrouwenpolder;Veere
Vught;Vught
Vuren;WestBetuwe
Waaksens;Súdwest-Fryslân
Waal;Molenlanden
De Waal;Texel
Waalre;Waalre
Waalwijk;Waalwijk
't Waar;Oldambt
Waarde;Reimerswaal
Waardenburg;WestBetuwe
Waarder;Bodegraven-Reeuwijk
Waardhuizen;Altena
Waarland;Schagen
Waaxens;Noardeast-Fryslân
Wachtum;Coevorden
Waddinxveen;Waddinxveen
Wadenoijen;Tiel
Wagenberg;Drimmelen
Wagenborgen;Delfzijl
Wageningen;Wageningen
Walem;ValkenburgaandeGeul
Walsoorden;Hulst
Wâlterswâld;Dantumadiel
Wamel;WestMaasenWaal
Wanneperveen;Steenwijkerland
Wanroij;SintAnthonis
Wanssum;Venray
Wânswert;Noardeast-Fryslân
Wapenveld;Heerde
Wapse;Westerveld
Wapserveen;Westerveld
Warder;Edam-Volendam
Warffum;HetHogeland
Warfhuizen;HetHogeland
Warfstermolen;Noardeast-Fryslân
Warmenhuizen;Schagen
Warmond;Teylingen
Warns;Súdwest-Fryslân
Warnsveld;Zutphen
Warstiens;Leeuwarden
Warten;Leeuwarden
Waskemeer;Ooststellingwerf
Waspik;Waalwijk
Wassenaar;Wassenaar
Wateren;Westerveld
Watergang;Waterland
Waterhuizen;Midden-Groningen
Wateringen;Westland
Waterlandkerkje;Sluis
Waverveen;DeRondeVenen
Wedde;Westerwolde
De Weere;Opmeer
Weerselo;Dinkelland
Weert;Weert
Weesp;Weesp
Wehe-den Hoorn;HetHogeland
Wehl;Doetinchem
Weidum;Leeuwarden
Weiteveen;Emmen
Wekerom;Ede
Well;Maasdriel
Well L;Bergen(L.)
Wellerlooi;Bergen(L.)
Welsum;Olst-Wijhe
Wemeldinge;Kapelle
Wenum Wiesel;Apeldoorn
Wergea;Leeuwarden
Werkendam;Altena
Werkhoven;Bunnik
Wernhout;Zundert
Wervershoof;Medemblik
Wesepe;Olst-Wijhe
Wessem;Maasgouw
Westbeemster;Beemster
Westbroek;DeBilt
Westdorp;Borger-Odoorn
Westdorpe;Terneuzen
Westendorp;OudeIJsselstreek
Westerbeek;SintAnthonis
Westerbork;Midden-Drenthe
Westerbroek;Midden-Groningen
De Westereen;Dantumadiel
Westeremden;Loppersum
Westergeest;Noardeast-Fryslân
Westerhaar-Vriezenveensewijk;Twenterand
Westerhoven;Bergeijk
Westerland;HollandsKroon
Westerlee;Oldambt
Westernieland;HetHogeland
Westervelde;Noordenveld
Westervoort;Westervoort
Westerwijtwerd;Loppersum
West-Graftdijk;Alkmaar
Westhem;Súdwest-Fryslân
Westhoek;Waadhoeke
Westkapelle;Veere
Westknollendam;Zaanstad
Westmaas;HoekscheWaard
West-Terschelling;Terschelling
Westwoud;Drechterland
Westzaan;Zaanstad
Wetering;Steenwijkerland
Weteringbrug;Haarlemmermeer
Wetsens;Noardeast-Fryslân
Wetsinge;HetHogeland
Weurt;Beuningen
Wezep;Oldebroek
Wezup;Coevorden
Wezuperbrug;Coevorden
Wichmond;Bronckhorst
Wier;Waadhoeke
Wierden;Wierden
Wieringerwaard;HollandsKroon
Wieringerwerf;HollandsKroon
Wierum;Noardeast-Fryslân
Wijchen;Wijchen
Wijckel;DeFryskeMarren
Wijdenes;Drechterland
Wijdewormer;Wormerland
Wijhe;Olst-Wijhe
de Wijk;DeWolden
Wijk aan Zee;Beverwijk
Wijk bij Duurstede;WijkbijDuurstede
Wijk en Aalburg;Altena
Wijlre;Gulpen-Wittem
Wijnaldum;Harlingen
Wijnandsrade;Beekdaelen
Wijnbergen;Montferland
Wijngaarden;Molenlanden
Wijnjewoude;Opsterland
Wijster;Midden-Drenthe
Wilbertoord;MillenSintHubert
Wildervank;Veendam
De Wilgen;Smallingerland
Wilhelminadorp;Goes
Wilhelminaoord;Westerveld
Willemsoord;Steenwijkerland
Willemstad;Moerdijk
Wilnis;DeRondeVenen
Wilp;Voorst
De Wilp;Westerkwartier
Wilsum;Kampen
Winde;Tynaarlo
Windraak;Sittard-Geleen
Winkel;HollandsKroon
Winneweer;Groningen
Winschoten;Oldambt
Winssen;Beuningen
Winsum;Waadhoeke
Winsum;HetHogeland
Wintelre;Eersel
Winterswijk;Winterswijk
Winterswijk Brinkheurne;Winterswijk
Winterswijk Corle;Winterswijk
Winterswijk Henxel;Winterswijk
Winterswijk Huppel;Winterswijk
Winterswijk Kotten;Winterswijk
Winterswijk Meddo;Winterswijk
Winterswijk Miste;Winterswijk
Winterswijk Ratum;Winterswijk
Winterswijk Woold;Winterswijk
Wirdum;Loppersum
Wirdum;Leeuwarden
Wissenkerke;Noord-Beveland
Witharen;Ommen
Witmarsum;Súdwest-Fryslân
Witte Paarden;Steenwijkerland
Wittelte;Westerveld
Wittem;Gulpen-Wittem
Witteveen;Midden-Drenthe
Wiuwert;Súdwest-Fryslân
Wjelsryp;Waadhoeke
Woensdrecht;Woensdrecht
Woerden;Woerden
Woerdense Verlaat;Nieuwkoop
Wognum;Medemblik
Woldendorp;Delfzijl
Wolfheze;Renkum
Wolphaartsdijk;Goes
Wolsum;Súdwest-Fryslân
Woltersum;Groningen
Wolvega;Weststellingwerf
Wommels;Súdwest-Fryslân
Wons;Súdwest-Fryslân
Workum;Súdwest-Fryslân
Wormer;Wormerland
Wormerveer;Zaanstad
Woubrugge;KaagenBraassem
Woudbloem;Midden-Groningen
de Woude;Castricum
Woudenberg;Woudenberg
Woudrichem;Altena
Woudsend;Súdwest-Fryslân
Wouw;Roosendaal
Wouwse Plantage;Roosendaal
Wyns;Tytsjerksteradiel
Wytgaard;Leeuwarden
Yde;Tynaarlo
Yerseke;Reimerswaal
Ypecolsga;Súdwest-Fryslân
Ysbrechtum;Súdwest-Fryslân
Ysselsteyn;Venray
Zaamslag;Terneuzen
Zaandam;Zaanstad
Zaandijk;Zaanstad
Zalk;Kampen
Zaltbommel;Zaltbommel
't Zand;Schagen
Zandberg;Borger-Odoorn
Zandeweer;HetHogeland
Zandhuizen;Weststellingwerf
Zandpol;Emmen
't Zandt;Loppersum
Zandvoort;Zandvoort
Zeddam;Montferland
Zeegse;Tynaarlo
Zeeland;Landerd
Zeerijp;Loppersum
Zeewolde;Zeewolde
Zegge;Rucphen
Zegveld;Woerden
Zeijen;Tynaarlo
Zeijerveen;Assen
Zeijerveld;Assen
Zeist;Zeist
Zelhem;Bronckhorst
Zenderen;Borne
Zennewijnen;Tiel
Zennewijnen;WestBetuwe
Zetten;Overbetuwe
Zevenaar;Zevenaar
Zevenbergen;Moerdijk
Zevenbergschen Hoek;Moerdijk
Zevenbergschen Hoek;Drimmelen
Zevenhoven;Nieuwkoop
Zevenhuizen;Zuidplas
Zevenhuizen;Westerkwartier
Zierikzee;Schouwen-Duiveland
Zieuwent;OostGelre
Zijderveld;Vijfheerenlanden
Zijdewind;HollandsKroon
Zijldijk;Loppersum
De Zilk;Noordwijk
Zoelen;Buren
Zoelmond;Buren
Zoetermeer;Zoetermeer
Zoeterwoude;Zoeterwoude
Zonnemaire;Schouwen-Duiveland
Zorgvlied;Westerveld
Zoutelande;Veere
Zoutkamp;HetHogeland
Zuid-Beijerland;HoekscheWaard
Zuidbroek;Midden-Groningen
Zuiddorpe;Terneuzen
Zuidermeer;Koggenland
Zuiderwoude;Waterland
Zuidhorn;Westerkwartier
Zuidlaarderveen;Tynaarlo
Zuidland;Nissewaard
Zuidlaren;Tynaarlo
Zuidoostbeemster;Beemster
Zuid-Scharwoude;Langedijk
Zuidschermer;Alkmaar
Zuidveen;Steenwijkerland
Zuidveld;Midden-Drenthe
Zuidvelde;Noordenveld
Zuidwolde;HetHogeland
Zuidwolde;DeWolden
Zuidzande;Sluis
Zuilichem;Zaltbommel
Zuna;Wierden
Zundert;Zundert
Zurich;Súdwest-Fryslân
Zutphen;Zutphen
Zuurdijk;HetHogeland
Zwaag;Hoorn
Zwaagdijk-Oost;Medemblik
Zwaagdijk-West;Medemblik
Zwaanshoek;Haarlemmermeer
Zwagerbosch;Noardeast-Fryslân
Zwammerdam;AlphenaandenRijn
Zwanenburg;Haarlemmermeer
Zwartebroek;Barneveld
Zwartemeer;Emmen
Zwartewaal;Brielle
Zwartsluis;Zwartewaterland
Zweeloo;Coevorden
Zweins;Waadhoeke
Zwiggelte;Midden-Drenthe
Zwijndrecht;Zwijndrecht
Zwinderen;Coevorden
Zwolle;Zwolle
